alibaba,Sentinel,2861
apache,dubbo,10658
apache,flink,20421
apache,flink,21008
apache,flink,21195
apache,hive,3441
apache,rocketmq,4723
apache,rocketmq,4752
apache,rocketmq,4769
apache,rocketmq,4772
apache,rocketmq,4797
apache,rocketmq,5046
apache,rocketmq,5275
apache,rocketmq,5293
apache,rocketmq,5295
apache,rocketmq,5429
apache,struts,608
Azure,azure-sdk-for-java,30961
Azure,azure-sdk-for-java,31034
flowable,flowable-engine,3407
google,libphonenumber,2821
hapifhir,hapi-fhir,3896
joelittlejohn,jsonschema2pojo,1415
LibrePDF,OpenPDF,831
pmd,pmd,4050
pmd,pmd,4059
pmd,pmd,4060
rubenlagus,TelegramBots,1124
swagger-api,swagger-core,4221
ta4j,ta4j,894
ta4j,ta4j,895
ta4j,ta4j,909
trinodb,trino,13800
trinodb,trino,13926
